imagecol,imagerow,cluster.init
120,304,3
160,201,5
87,319,2
216,93,5
91,315,2
212,236,5
277,124,5
192,153,6
50,387,0
256,103,5
199,227,5
114,299,3
224,176,6
81,314,2
71,345,1
126,346,2
192,266,4
321,82,4
269,118,5
239,103,5
42,381,0
220,95,5
231,180,6
191,221,5
175,266,4
260,195,6
276,121,5
288,65,4
58,341,1
283,61,4
130,347,2
33,368,0
142,311,3
97,363,1
57,296,2
178,217,5
238,100,5
169,261,4
243,105,5
324,84,4
121,334,2
165,208,5
149,253,4
306,71,4
84,358,1
134,311,3
129,307,3
287,63,4
170,211,5
101,327,2
194,153,6
32,366,0
116,298,3
113,328,2
267,55,4
197,161,6
141,315,3
182,219,5
242,102,5
323,82,4
263,194,6
233,179,6
44,381,0
164,206,5
148,251,4
310,73,4
177,266,4
133,309,3
103,294,3
100,324,2
254,51,4
278,121,5
128,243,4
193,151,6
51,385,0
113,301,3
135,317,3
258,113,5
132,347,2
35,368,0
265,112,5
225,173,6
99,362,1
38,375,0
237,51,4
95,288,3
136,343,2
221,92,5
309,70,4
123,334,2
74,311,2
126,342,2
219,168,6
86,358,1
231,46,4
289,63,4
67,350,1
188,271,4
139,319,3
199,160,6
63,297,2
269,55,4
184,218,5
99,290,3
66,305,2
244,102,5
111,337,2
187,226,5
276,58,4
150,250,4
224,94,5
235,179,6
49,388,0
90,360,1
280,120,5
102,324,2
138,316,3
283,128,5
53,384,0
231,98,5
72,347,1
89,315,2
210,236,5
40,375,0
218,89,5
82,354,1
52,339,1
163,208,5
251,52,4
154,252,4
239,181,6
223,92,5
311,70,4
134,244,4
291,62,4
266,109,5
190,271,4
209,233,5
157,203,5
245,47,4
202,235,5
39,373,0
182,152,6
56,341,1
246,101,5
101,373,1
51,337,1
101,290,3
68,305,2
104,297,3
265,198,6
238,178,6
189,226,5
125,344,2
133,242,4
95,367,1
205,161,6
140,316,3
240,96,5
250,193,6
107,331,2
268,57,4
285,128,5
200,157,6
127,307,3
250,103,5
248,49,4
67,302,2
245,99,5
188,223,5
212,165,6
257,197,6
264,196,6
156,252,4
244,188,6
168,216,5
91,357,1
228,99,5
59,302,2
111,333,2
289,130,5
204,159,6
71,349,1
192,270,4
321,86,4
211,233,5
184,151,6
119,306,3
236,182,6
42,385,0
162,210,5
70,304,2
191,225,5
106,297,3
184,264,4
65,344,1
313,80,4
110,293,3
220,170,6
77,308,2
154,204,5
142,315,3
300,71,4
97,367,1
64,299,2
210,169,6
304,67,4
57,338,1
41,383,0
255,110,5
69,302,2
190,223,5
214,165,6
234,48,4
89,361,1
177,214,5
93,357,1
32,370,0
96,364,1
113,332,2
141,313,3
206,159,6
128,304,3
251,100,5
279,61,4
323,86,4
76,357,1
263,198,6
194,225,5
164,210,5
108,296,3
133,313,3
250,189,6
234,100,5
322,78,4
245,185,6
135,246,4
193,155,6
100,366,1
255,192,6
112,330,2
266,57,4
290,127,5
156,204,5
125,307,3
270,119,5
277,118,5
127,240,4
50,381,0
185,149,6
221,96,5
309,74,4
43,383,0
62,345,1
236,48,4
249,187,6
219,172,6
289,67,4
229,179,6
86,317,2
213,90,5
264,114,5
131,349,2
53,332,1
301,68,4
98,364,1
115,332,2
216,232,5
63,339,1
118,340,2
288,59,4
211,166,6
58,335,1
253,100,5
281,61,4
196,224,5
122,336,2
191,158,6
199,232,5
288,130,5
236,100,5
243,99,5
102,366,1
275,55,4
105,373,1
183,220,5
117,337,2
82,358,1
65,307,2
279,117,5
94,322,2
230,94,5
154,256,4
223,96,5
311,74,4
190,156,6
64,345,1
48,390,0
175,214,5
298,65,4
254,194,6
121,301,3
202,164,6
146,250,4
124,309,3
247,105,5
181,143,6
55,332,1
245,51,4
303,68,4
39,377,0
101,294,3
169,209,5
113,295,3
68,347,1
258,107,5
189,268,4
201,231,5
80,311,2
237,45,4
212,92,5
137,350,2
230,176,6
104,365,1
107,373,1
176,263,4
100,291,3
217,167,6
67,306,2
74,305,2
252,102,5
119,337,2
212,163,6
188,227,5
132,314,3
54,297,2
139,313,3
232,94,5
262,109,5
260,55,4
241,47,4
59,300,2
180,221,5
204,163,6
256,194,6
123,301,3
81,360,1
71,308,2
126,309,3
83,355,1
86,363,1
155,253,4
281,128,5
196,157,6
70,346,1
54,391,0
191,267,4
174,216,5
115,295,3
82,310,2
320,83,4
158,199,5
73,354,1
203,231,5
184,223,5
299,62,4
214,92,5
77,350,1
139,350,2
275,122,5
183,153,6
57,342,1
235,184,6
102,291,3
263,54,4
280,125,5
190,227,5
222,175,6
89,365,1
89,282,3
56,297,2
267,116,5
226,170,6
37,372,0
243,47,4
296,65,4
49,336,1
170,257,4
271,112,5
138,347,2
125,338,2
286,64,4
194,229,5
290,60,4
233,50,4
250,187,6
157,253,4
198,157,6
55,295,2
56,391,0
120,302,3
100,370,1
145,319,3
255,196,6
262,195,6
112,334,2
273,60,4
290,131,5
257,191,6
147,252,4
99,325,2
277,122,5
192,151,6
314,77,4
92,364,1
59,296,2
104,328,2
265,54,4
282,125,5
321,80,4
269,116,5
42,379,0
155,205,5
160,210,5
220,93,5
301,72,4
231,178,6
216,236,5
276,119,5
131,308,3
241,185,6
98,323,2
252,50,4
127,338,2
66,351,1
33,366,0
111,300,3
256,112,5
59,390,0
57,294,2
235,50,4
71,354,1
208,230,5
38,369,0
243,103,5
93,287,3
203,164,6
159,207,5
305,74,4
179,266,4
114,334,2
248,106,5
191,230,5
215,172,6
287,61,4
183,262,4
101,325,2
194,151,6
65,349,1
195,226,5
32,364,0
94,364,1
267,53,4
61,296,2
175,218,5
182,217,5
242,100,5
166,262,4
323,80,4
263,192,6
44,379,0
222,93,5
310,71,4
88,358,1
133,307,3
214,170,6
100,322,2
254,49,4
278,119,5
243,185,6
259,111,5
51,383,0
113,299,3
68,351,1
189,272,4
47,330,1
237,49,4
210,230,5
270,113,5
213,237,5
237,179,6
161,207,5
145,252,4
107,294,3
282,121,5
119,341,2
242,182,6
132,243,4
289,61,4
67,348,1
188,269,4
139,317,3
262,113,5
112,297,3
79,312,2
86,311,2
197,226,5
264,108,5
200,233,5
63,295,2
241,51,4
269,53,4
99,371,1
99,288,3
66,303,2
244,100,5
168,262,4
103,367,1
224,92,5
265,192,6
123,343,2
216,169,6
90,358,1
93,366,1
160,256,4
83,314,2
196,161,6
231,96,5
204,235,5
34,374,0
115,299,3
240,49,4
167,259,4
252,188,6
280,58,4
163,206,5
215,237,5
122,303,3
239,179,6
122,341,2
134,242,4
280,129,5
287,128,5
235,98,5
195,159,6
69,348,1
190,269,4
179,142,6
114,297,3
157,201,5
72,356,1
243,51,4
182,150,6
56,339,1
101,371,1
101,288,3
68,303,2
255,52,4
189,224,5
162,204,5
308,71,4
182,263,4
133,240,4
295,62,4
218,169,6
140,314,3
263,110,5
137,344,2
298,70,4
55,299,2
242,48,4
206,235,5
266,118,5
36,374,0
250,101,5
100,285,3
302,66,4
55,337,1
169,259,4
257,195,6
282,58,4
255,104,5
257,105,5
124,340,2
168,214,5
314,81,4
92,285,3
137,317,3
144,316,3
111,331,2
289,128,5
71,302,2
269,120,5
184,149,6
261,197,6
54,385,0
167,211,5
131,312,3
172,216,5
232,99,5
313,78,4
110,291,3
75,349,1
58,298,2
264,56,4
223,176,6
87,313,2
139,344,2
325,86,4
78,357,1
208,234,5
123,306,3
244,48,4
268,118,5
183,147,6
57,336,1
41,381,0
219,95,5
317,80,4
240,187,6
287,65,4
224,170,6
81,308,2
126,340,2
202,229,5
32,368,0
227,178,6
101,367,1
195,268,4
272,119,5
207,232,5
279,59,4
45,383,0
263,196,6
194,223,5
254,106,5
178,268,4
129,245,4
130,341,2
234,98,5
56,385,0
133,349,2
193,153,6
226,175,6
100,364,1
145,313,3
48,334,1
255,190,6
112,328,2
266,55,4
273,54,4
290,125,5
60,298,2
96,290,3
181,219,5
125,305,3
327,86,4
80,357,1
92,320,2
210,234,5
185,147,6
221,94,5
43,381,0
242,186,6
249,185,6
197,155,6
289,65,4
55,389,0
205,235,5
112,301,3
119,300,3
270,57,4
229,177,6
153,205,5
160,204,5
213,88,5
264,112,5
144,249,4
79,354,1
99,292,3
274,119,5
91,318,2
167,207,5
225,96,5
47,383,0
66,345,1
50,390,0
180,267,4
78,309,2
256,106,5
103,326,2
131,245,4
132,341,2
293,67,4
236,98,5
176,144,6
135,349,2
305,68,4
228,175,6
102,364,1
95,282,3
62,297,2
174,262,4
98,290,3
208,167,6
82,356,1
65,305,2
186,226,5
75,312,2
264,194,6
311,72,4
232,47,4
292,64,4
166,256,4
272,56,4
202,162,6
76,351,1
146,248,4
187,220,5
247,103,5
114,339,2
81,354,1
134,314,3
279,126,5
49,382,0
169,207,5
315,74,4
68,345,1
52,390,0
182,267,4
189,266,4
138,310,3
80,309,2
105,325,2
179,214,5
283,122,5
133,244,4
320,77,4
137,348,2
271,54,4
230,174,6
178,144,6
307,68,4
43,377,0
130,304,3
100,289,3
181,152,6
275,116,5
226,93,5
254,54,4
48,380,0
262,107,5
181,265,4
234,46,4
131,343,2
198,233,5
137,246,4
35,371,0
92,283,3
294,64,4
168,256,4
84,315,2
136,346,2
326,86,4
274,56,4
51,331,1
104,291,3
71,306,2
249,103,5
123,337,2
192,227,5
281,126,5
196,155,6
231,49,4
54,389,0
221,172,6
63,300,2
241,97,5
184,221,5
135,244,4
91,287,3
143,318,3
253,195,6
110,333,2
325,84,4
139,348,2
276,61,4
224,97,5
87,355,1
183,151,6
235,182,6
99,319,2
280,123,5
159,253,4
256,54,4
247,189,6
53,387,0
317,84,4
37,370,0
296,63,4
49,334,1
218,92,5
299,71,4
195,272,4
86,315,2
77,359,1
207,236,5
214,235,5
187,153,6
61,342,1
106,291,3
73,306,2
284,125,5
194,227,5
254,110,5
187,266,4
198,155,6
138,243,4
145,317,3
243,97,5
262,193,6
112,332,2
273,58,4
246,104,5
210,163,6
271,121,5
105,371,1
132,308,3
60,340,1
278,61,4
89,355,1
28,368,0
314,75,4
92,362,1
193,225,5
137,311,3
59,294,2
104,326,2
265,52,4
205,164,6
233,100,5
164,261,4
116,334,2
160,208,5
261,191,6
144,253,4
79,358,1
216,234,5
124,307,3
131,306,3
282,63,4
241,183,6
165,211,5
66,349,1
111,298,3
108,328,2
262,55,4
286,125,5
256,110,5
59,388,0
237,102,5
318,81,4
325,80,4
71,352,1
38,367,0
192,273,4
159,205,5
217,94,5
305,72,4
228,179,6
70,307,2
248,104,5
172,266,4
95,324,2
215,170,6
188,150,6
62,339,1
46,384,0
65,347,1
195,224,5
186,268,4
260,112,5
127,347,2
220,173,6
94,362,1
77,311,2
33,375,0
232,51,4
97,370,1
166,260,4
90,288,3
54,333,1
38,378,0
304,70,4
187,218,5
118,334,2
222,91,5
121,341,2
69,311,2
284,62,4
214,168,6
81,358,1
158,254,4
243,183,6
199,226,5
259,109,5
29,365,0
288,124,5
68,349,1
238,47,4
32,373,0
80,313,2
179,218,5
113,335,2
61,388,0
239,102,5
327,80,4
105,367,1
117,331,2
271,58,4
278,57,4
161,205,5
145,250,4
307,72,4
130,308,3
275,120,5
282,119,5
132,241,4
133,316,3
190,150,6
64,339,1
261,57,4
48,384,0
112,295,3
263,52,4
241,49,4
254,188,6
238,99,5
35,375,0
168,260,4
246,52,4
136,350,2
149,252,4
59,340,1
306,70,4
84,357,1
309,77,4
123,341,2
96,321,2
216,167,6
286,62,4
293,61,4
160,254,4
116,297,3
83,312,2
261,109,5
204,233,5
34,372,0
240,47,4
63,304,2
167,257,4
241,101,5
248,100,5
115,335,2
184,225,5
260,198,6
233,178,6
107,367,1
280,56,4
58,344,1
103,293,3
122,339,2
135,316,3
235,96,5
195,157,6
69,346,1
53,391,0
180,215,5
243,49,4
256,188,6
62,302,2
240,99,5
259,195,6
183,223,5
101,286,3
218,96,5
82,361,1
126,303,3
129,310,3
308,69,4
170,214,5
311,77,4
284,129,5
218,167,6
174,210,5
199,159,6
73,348,1
263,108,5
187,270,4
194,269,4
85,312,2
121,304,3
242,46,4
206,233,5
266,116,5
36,372,0
302,64,4
39,380,0
150,249,4
105,292,3
60,344,1
257,103,5
124,338,2
285,64,4
130,241,4
72,308,2
314,79,4
283,127,5
193,229,5
137,315,3
144,314,3
134,345,2
267,110,5
265,56,4
193,267,4
246,48,4
40,374,0
104,368,1
52,338,1
64,302,2
261,195,6
185,223,5
245,106,5
131,310,3
128,340,2
172,214,5
91,364,1
108,332,2
286,129,5
201,158,6
136,313,3
58,296,2
253,189,6
264,54,4
87,311,2
78,355,1
208,232,5
123,304,3
268,116,5
219,93,5
70,311,2
171,211,5
155,256,4
229,100,5
317,78,4
240,185,6
95,366,1
110,300,3
107,330,2
268,56,4
227,176,6
176,220,5
58,390,0
75,358,1
272,117,5
155,199,5
207,230,5
97,291,3
248,48,4
180,148,6
187,147,6
54,337,1
251,55,4
106,368,1
45,381,0
178,266,4
69,309,2
190,230,5
129,243,4
130,339,2
291,65,4
214,172,6
158,258,4
89,285,3
259,113,5
133,347,2
48,332,1
238,51,4
296,68,4
93,364,1
203,158,6
60,296,2
211,232,5
181,217,5
80,355,1
53,335,1
191,224,5
251,107,5
283,64,4
290,63,4
173,211,5
157,256,4
197,153,6
319,78,4
285,131,5
142,314,3
109,329,2
270,55,4
144,247,4
202,156,6
238,103,5
112,337,2
60,390,0
274,117,5
225,94,5
253,55,4
277,125,5
47,381,0
306,74,4
136,309,3
246,186,6
96,325,2
103,324,2
257,51,4
230,97,5
318,75,4
131,243,4
293,65,4
96,363,1
116,301,3
217,88,5
176,142,6
135,347,2
240,51,4
298,68,4
213,231,5
115,339,2
98,288,3
208,165,6
273,115,5
46,378,0
184,267,4
58,342,1
108,295,3
75,310,2
253,107,5
260,106,5
30,362,0
196,231,5
232,45,4
122,343,2
245,184,6
292,62,4
200,227,5
225,176,6
99,365,1
272,54,4
247,101,5
102,373,1
69,305,2
114,337,2
207,163,6
81,352,1
192,221,5
49,380,0
176,266,4
101,328,2
219,171,6
93,360,1
248,186,6
54,300,2
141,316,3
251,193,6
118,301,3
43,375,0
85,354,1
181,150,6
275,114,5
166,208,5
226,91,5
254,52,4
150,253,4
191,157,6
169,216,5
153,199,5
198,231,5
137,244,4
35,369,0
283,131,5
294,62,4
134,349,2
275,54,4
72,350,1
158,202,5
84,313,2
136,344,2
193,271,4
182,144,6
101,365,1
104,372,1
104,289,3
249,101,5
277,62,4
275,125,5
185,227,5
185,265,4
262,116,5
221,170,6
136,242,4
298,64,4
63,298,2
98,367,1
165,257,4
88,315,2
143,316,3
140,346,2
253,193,6
209,236,5
245,50,4
58,338,1
103,370,1
123,308,3
120,338,2
103,287,3
281,64,4
213,164,6
90,361,1
168,208,5
102,325,2
201,230,5
171,215,5
70,353,1
231,99,5
139,244,4
107,334,2
200,160,6
207,159,6
252,191,6
160,202,5
280,61,4
77,357,1
163,209,5
127,310,3
94,325,2
187,151,6
122,306,3
239,182,6
188,226,5
106,289,3
284,123,5
54,296,2
99,328,2
260,54,4
192,154,6
66,343,1
316,80,4
300,63,4
179,145,6
37,379,0
215,93,5
303,71,4
247,49,4
211,236,5
271,119,5
41,375,0
186,149,6
60,338,1
258,110,5
125,345,2
28,366,0
193,223,5
137,309,3
191,266,4
129,341,2
290,67,4
203,230,5
33,369,0
173,215,5
116,332,2
250,104,5
121,335,2
282,61,4
105,297,3
189,151,6
257,108,5
27,364,0
262,53,4
286,123,5
59,386,0
56,296,2
59,303,2
177,217,5
237,100,5
318,79,4
96,367,1
217,92,5
258,192,6
228,177,6
209,169,6
83,358,1
128,307,3
95,322,2
273,119,5
188,148,6
46,382,0
88,361,1
82,313,2
260,110,5
127,345,2
110,294,3
176,214,5
232,49,4
239,48,4
75,352,1
322,81,4
205,229,5
245,188,6
90,286,3
131,341,2
265,113,5
54,331,1
208,237,5
38,376,0
232,179,6
216,90,5
304,68,4
212,233,5
102,294,3
237,182,6
284,60,4
50,384,0
259,107,5
29,363,0
183,269,4
224,173,6
81,311,2
93,358,1
32,371,0
236,51,4
231,47,4
61,386,0
94,288,3
61,303,2
239,100,5
138,350,2
182,224,5
155,204,5
231,177,6
65,299,2
260,192,6
307,70,4
276,118,5
130,306,3
288,62,4
211,169,6
85,358,1
97,322,2
133,314,3
278,126,5
193,156,6
51,390,0
178,214,5
238,97,5
324,81,4
124,301,3
89,316,2
275,58,4
158,206,5
165,205,5
210,237,5
149,250,4
218,90,5
117,340,2
306,68,4
221,97,5
84,355,1
134,308,3
279,120,5
129,304,3
96,319,2
282,128,5
52,384,0
71,346,1
116,295,3
64,348,1
261,107,5
31,363,0
185,269,4
242,99,5
229,180,6
136,246,4
241,99,5
140,350,2
233,176,6
44,378,0
157,204,5
310,70,4
177,263,4
103,291,3
100,321,2
213,168,6
220,167,6
128,240,4
90,365,1
135,314,3
132,344,2
201,234,5
237,48,4
297,65,4
176,147,6
50,336,1
95,285,3
62,300,2
240,97,5
164,259,4
183,221,5
82,359,1
252,105,5
119,340,2
239,186,6
212,166,6
86,355,1
284,127,5
139,316,3
199,157,6
73,346,1
200,232,5
57,391,0
194,267,4
85,310,2
272,59,4
66,302,2
244,99,5
276,55,4
150,247,4
101,295,3
224,91,5
49,385,0
186,153,6
315,77,4
198,225,5
130,239,4
105,328,2
259,55,4
283,125,5
134,343,2
191,270,4
203,234,5
270,116,5
40,372,0
299,65,4
178,147,6
52,336,1
97,285,3
214,95,5
250,108,5
302,73,4
185,221,5
109,292,3
134,241,4
76,308,2
291,59,4
197,229,5
257,112,5
27,368,0
108,330,2
269,56,4
286,127,5
201,156,6
209,230,5
274,59,4
68,302,2
258,196,6
71,309,2
189,223,5
249,106,5
192,230,5
229,98,5
240,183,6
221,175,6
95,364,1
88,282,3
205,158,6
140,313,3
110,298,3
233,94,5
107,328,2
261,55,4
268,54,4
285,125,5
176,218,5
250,190,6
135,247,4
58,388,0
75,356,1
120,305,3
87,320,2
94,319,2
216,94,5
223,93,5
257,194,6
304,72,4
102,292,3
244,185,6
114,300,3
81,315,2
296,66,4
192,267,4
32,375,0
159,199,5
74,354,1
271,113,5
184,148,6
86,318,2
42,382,0
162,207,5
70,301,2
61,345,1
191,222,5
251,105,5
175,267,4
73,309,2
276,122,5
194,230,5
290,61,4
130,348,2
319,76,4
142,312,3
300,68,4
223,175,6
97,364,1
270,53,4
57,297,2
238,101,5
290,132,5
169,262,4
210,166,6
57,335,1
255,107,5
190,220,5
47,379,0
306,72,4
129,308,3
287,64,4
246,184,6
170,212,5
96,361,1
116,299,3
113,329,2
267,56,4
242,103,5
76,354,1
44,382,0
63,344,1
164,207,5
148,252,4
108,293,3
310,74,4
47,390,0
177,267,4
100,325,2
234,97,5
245,182,6
128,244,4
180,142,6
132,348,2
225,174,6
99,363,1
244,51,4
102,371,1
95,289,3
102,288,3
92,319,2
62,304,2
309,71,4
183,263,4
236,45,4
126,343,2
219,169,6
248,184,6
204,227,5
138,344,2
188,272,4
264,111,5
131,346,2
98,361,1
66,306,2
244,103,5
118,337,2
187,227,5
283,58,4
166,206,5
150,251,4
191,155,6
49,389,0
315,81,4
138,317,3
236,97,5
195,151,6
266,58,4
179,221,5
283,129,5
72,348,1
320,84,4
158,200,5
193,269,4
182,142,6
270,120,5
65,304,2
185,150,6
307,75,4
186,225,5
43,384,0
130,311,3
275,123,5
154,253,4
311,71,4
64,342,1
48,387,0
262,114,5
197,227,5
287,131,5
291,63,4
298,62,4
213,91,5
266,110,5
140,344,2
146,247,4
209,234,5
234,183,6
245,48,4
39,374,0
56,342,1
253,101,5
120,336,2
281,62,4
68,306,2
238,179,6
189,227,5
169,206,5
258,104,5
201,228,5
140,317,3
107,332,2
268,58,4
200,158,6
252,189,6
107,370,1
127,308,3
100,288,3
67,303,2
122,304,3
245,100,5
188,224,5
264,197,6
87,362,1
132,311,3
54,294,2
99,326,2
260,52,4
175,215,5
228,100,5
91,358,1
235,99,5
316,78,4
111,334,2
204,160,6
215,91,5
243,52,4
326,85,4
256,191,6
268,110,5
211,234,5
126,306,3
236,183,6
186,147,6
70,343,1
284,132,5
54,388,0
174,213,5
260,104,5
320,80,4
203,228,5
263,111,5
33,367,0
187,273,4
154,205,5
300,72,4
251,49,4
57,339,1
282,59,4
69,303,2
105,295,3
190,224,5
27,362,0
181,268,4
234,49,4
215,173,6
89,362,1
72,311,2
262,51,4
56,294,2
92,286,3
37,369,0
177,215,5
49,333,1
96,365,1
299,70,4
258,190,6
182,218,5
206,160,6
209,167,6
128,305,3
279,62,4
76,358,1
273,117,5
254,109,5
88,359,1
233,47,4
234,101,5
286,132,5
322,79,4
245,186,6
56,388,0
75,350,1
100,367,1
87,314,2
112,331,2
273,57,4
232,177,6
156,205,5
216,88,5
212,231,5
253,49,4
277,119,5
237,180,6
50,382,0
183,267,4
107,295,3
224,171,6
195,231,5
236,49,4
94,286,3
239,98,5
42,376,0
155,202,5
220,90,5
301,69,4
231,175,6
54,340,1
175,261,4
260,190,6
216,233,5
276,116,5
118,341,2
288,60,4
211,167,6
58,336,1
97,320,2
196,225,5
130,342,2
33,363,0
78,312,2
256,109,5
199,233,5
235,47,4
288,131,5
48,335,1
236,101,5
243,100,5
324,79,4
203,161,6
159,204,5
275,56,4
117,338,2
282,126,5
52,382,0
190,157,6
197,156,6
64,346,1
55,390,0
185,267,4
242,97,5
166,259,4
177,148,6
254,195,6
140,348,2
146,251,4
44,376,0
233,174,6
181,144,6
303,69,4
225,97,5
177,261,4
103,289,3
100,319,2
129,313,3
169,210,5
257,54,4
51,380,0
113,296,3
68,348,1
258,108,5
132,342,2
189,269,4
201,232,5
80,312,2
237,46,4
176,145,6
95,283,3
212,93,5
230,177,6
217,168,6
74,306,2
252,103,5
119,338,2
126,337,2
220,176,6
67,345,1
188,266,4
132,315,3
139,314,3
260,56,4
79,309,2
257,106,5
200,230,5
241,48,4
99,368,1
99,285,3
66,300,2
244,97,5
180,222,5
187,221,5
256,195,6
103,364,1
126,310,3
123,340,2
186,151,6
138,311,3
259,53,4
283,123,5
196,158,6
248,189,6
115,296,3
82,311,2
73,355,1
203,232,5
210,231,5
263,115,5
40,370,0
167,256,4
118,304,3
178,145,6
214,93,5
166,211,5
190,153,6
312,78,4
134,239,4
263,55,4
280,126,5
137,247,4
222,176,6
69,345,1
190,266,4
267,117,5
81,309,2
37,373,0
84,316,2
202,230,5
182,147,6
49,337,1
56,336,1
101,368,1
274,57,4
40,381,0
170,258,4
101,285,3
68,300,2
138,348,2
189,221,5
173,266,4
125,339,2
286,65,4
160,257,4
128,347,2
221,173,6
95,362,1
140,311,3
233,51,4
250,188,6
285,123,5
198,158,6
55,296,2
91,288,3
75,354,1
120,303,3
169,256,4
262,196,6
257,192,6
147,253,4
124,337,2
285,63,4
244,183,6
168,211,5
314,78,4
92,365,1
59,297,2
114,298,3
104,329,2
111,328,2
265,55,4
289,125,5
224,175,6
139,247,4
321,81,4
74,352,1
195,273,4
269,117,5
42,380,0
207,237,5
220,94,5
308,72,4
187,154,6
231,179,6
175,265,4
106,292,3
98,324,2
252,51,4
313,75,4
127,339,2
130,346,2
58,295,2
300,66,4
223,173,6
97,362,1
235,51,4
208,231,5
38,370,0
93,288,3
268,115,5
60,303,2
159,208,5
247,52,4
41,378,0
219,92,5
255,105,5
179,267,4
70,310,2
174,263,4
191,231,5
287,62,4
129,344,2
32,365,0
186,271,4
267,54,4
197,160,6
319,85,4
61,297,2
242,101,5
323,81,4
202,163,6
76,352,1
263,193,6
44,380,0
164,205,5
148,250,4
222,94,5
310,72,4
189,154,6
47,388,0
133,308,3
250,184,6
234,95,5
158,257,4
136,316,3
51,384,0
318,82,4
132,346,2
255,187,6
244,49,4
217,95,5
181,216,5
95,287,3
80,354,1
92,317,2
270,114,5
83,361,1
213,238,5
161,208,5
221,91,5
309,69,4
43,378,0
242,183,6
132,244,4
289,62,4
67,349,1
112,298,3
229,174,6
79,313,2
86,312,2
264,109,5
131,344,2
200,234,5
207,233,5
99,372,1
99,289,3
66,304,2
244,101,5
118,335,2
187,225,5
253,54,4
281,56,4
59,343,1
180,264,4
265,193,6
192,228,5
29,366,0
216,170,6
131,242,4
138,315,3
93,367,1
179,219,5
135,346,2
34,375,0
53,338,1
98,370,1
271,59,4
167,260,4
115,338,2
98,287,3
208,164,6
82,353,1
65,302,2
186,223,5
130,309,3
85,361,1
215,238,5
223,91,5
97,325,2
311,69,4
48,385,0
292,61,4
159,254,4
287,129,5
247,190,6
272,53,4
202,159,6
266,108,5
247,100,5
39,372,0
182,151,6
259,198,6
51,336,1
101,289,3
68,304,2
255,53,4
279,123,5
49,379,0
162,205,5
230,100,5
61,343,1
52,387,0
182,264,4
133,241,4
31,366,0
295,63,4
251,192,6
140,315,3
137,345,2
172,263,4
242,49,4
107,368,1
100,286,3
181,149,6
55,338,1
67,301,2
169,260,4
188,222,5
210,164,6
253,110,5
264,195,6
87,360,1
132,309,3
124,341,2
168,215,5
59,295,2
297,68,4
180,216,5
144,317,3
111,332,2
289,129,5
204,158,6
326,83,4
256,189,6
104,371,1
74,356,1
71,303,2
126,304,3
249,100,5
116,335,2
277,61,4
236,181,6
217,173,6
261,198,6
252,108,5
106,296,3
281,123,5
54,386,0
232,100,5
313,79,4
320,78,4
187,271,4
138,248,4
58,299,2
110,330,2
300,70,4
139,345,2
78,358,1
275,117,5
268,119,5
183,148,6
57,337,1
41,382,0
102,286,3
219,96,5
60,345,1
190,222,5
89,360,1
72,309,2
171,214,5
70,352,1
267,111,5
37,367,0
191,273,4
82,316,2
126,341,2
260,113,5
49,331,1
227,179,6
51,332,1
299,68,4
272,120,5
206,158,6
279,60,4
286,59,4
109,295,3
194,224,5
254,107,5
121,342,2
76,311,2
233,45,4
234,99,5
286,130,5
56,386,0
89,288,3
133,350,2
226,176,6
100,365,1
145,314,3
255,191,6
112,329,2
273,55,4
290,126,5
156,203,5
140,248,4
96,291,3
105,368,1
125,306,3
80,358,1
99,320,2
277,117,5
228,94,5
256,55,4
92,359,1
193,222,5
104,323,2
249,186,6
173,214,5
233,97,5
269,111,5
205,236,5
119,301,3
160,205,5
254,189,6
301,67,4
144,250,4
79,355,1
124,304,3
91,319,2
167,208,5
192,157,6
66,346,1
111,295,3
78,310,2
256,107,5
59,385,0
199,231,5
235,45,4
236,99,5
243,98,5
159,202,5
135,350,2
305,69,4
228,176,6
102,365,1
98,291,3
208,168,6
215,167,6
65,306,2
276,125,5
130,313,3
58,345,1
127,344,2
94,359,1
292,65,4
166,257,4
90,285,3
57,300,2
146,249,4
259,196,6
284,59,4
81,355,1
306,75,4
134,315,3
279,127,5
129,311,3
259,106,5
169,208,5
194,157,6
68,346,1
52,391,0
189,267,4
80,310,2
267,59,4
61,385,0
174,211,5
141,319,3
194,270,4
230,175,6
161,202,5
172,267,4
145,247,4
307,69,4
233,183,6
44,385,0
181,153,6
310,77,4
226,94,5
100,328,2
254,55,4
278,125,5
67,343,1
262,108,5
205,232,5
79,307,2
51,389,0
200,228,5
234,47,4
241,46,4
265,116,5
180,145,6
35,372,0
99,366,1
38,379,0
168,257,4
136,347,2
256,193,6
123,338,2
86,362,1
281,127,5
196,156,6
261,106,5
231,50,4
248,187,6
204,230,5
34,369,0
63,301,2
118,302,3
241,98,5
269,59,4
184,222,5
143,319,3
110,334,2
276,62,4
147,247,4
190,151,6
312,76,4
235,183,6
90,364,1
263,53,4
280,124,5
287,123,5
102,328,2
195,154,6
69,343,1
53,388,0
60,387,0
267,115,5
134,350,2
72,351,1
89,319,2
182,145,6
56,334,1
259,192,6
101,366,1
40,379,0
170,256,4
218,93,5
299,72,4
96,322,2
163,212,5
214,236,5
239,185,6
125,337,2
286,63,4
284,126,5
134,248,4
233,49,4
291,66,4
55,294,2
154,199,5
88,316,2
206,230,5
266,113,5
36,369,0
157,207,5
246,105,5
238,182,6
105,289,3
124,335,2
285,61,4
181,262,4
168,209,5
314,76,4
92,363,1
193,226,5
137,312,3
104,327,2
265,53,4
240,100,5
285,132,5
321,79,4
164,262,4
269,115,5
250,107,5
220,92,5
248,53,4
261,192,6
185,220,5
212,169,6
124,308,3
131,307,3
241,184,6
98,322,2
165,212,5
172,211,5
313,73,4
156,256,4
91,361,1
108,329,2
201,155,6
103,325,2
264,51,4
59,389,0
325,81,4
71,353,1
78,352,1
208,229,5
90,316,2
268,113,5
159,206,5
211,237,5
41,376,0
219,90,5
179,265,4
70,308,2
191,229,5
130,242,4
317,75,4
240,182,6
184,268,4
134,346,2
65,348,1
32,363,0
186,269,4
110,297,3
220,174,6
94,363,1
101,362,1
77,312,2
239,51,4
142,319,3
272,114,5
97,288,3
64,303,2
54,334,1
45,378,0
304,71,4
178,263,4
129,240,4
284,63,4
214,169,6
158,255,4
243,184,6
259,110,5
133,344,2
288,125,5
238,48,4
93,361,1
32,374,0
96,368,1
113,336,2
96,285,3
61,389,0
181,214,5
327,81,4
206,163,6
80,352,1
117,332,2
278,58,4
251,104,5
161,206,5
145,251,4
43,376,0
242,181,6
132,242,4
319,75,4
289,60,4
55,384,0
322,82,4
245,189,6
112,296,3
193,159,6
153,200,5
137,245,4
177,142,6
99,287,3
274,114,5
212,234,5
225,91,5
253,52,4
47,378,0
59,341,1
50,385,0
180,262,4
309,78,4
131,240,4
293,62,4
236,52,4
160,255,4
83,313,2
261,110,5
135,344,2
204,234,5
34,373,0
240,48,4
53,336,1
98,368,1
167,258,4
248,101,5
115,336,2
98,285,3
65,300,2
209,237,5
63,343,1
75,307,2
253,104,5
196,228,5
122,340,2
195,158,6
202,157,6
324,82,4
60,391,0
102,370,1
275,59,4
72,355,1
62,303,2
182,149,6
183,224,5
101,287,3
134,309,3
255,51,4
279,121,5
170,215,5
230,98,5
52,385,0
182,262,4
311,78,4
64,349,1
133,239,4
251,190,6
73,349,1
137,343,2
298,69,4
85,313,2
121,305,3
88,320,2
206,234,5
266,117,5
181,147,6
55,336,1
39,381,0
169,213,5
315,80,4
198,228,5
258,111,5
28,367,0
222,170,6
144,315,3
84,310,2
193,268,4
246,49,4
230,180,6
104,369,1
71,301,2
277,59,4
192,222,5
176,267,4
100,295,3
217,171,6
185,224,5
252,106,5
281,121,5
128,341,2
172,215,5
232,98,5
91,365,1
91,282,3
143,313,3
253,190,6
110,328,2
264,55,4
177,218,5
78,356,1
276,56,4
123,305,3
120,335,2
90,320,2
268,117,5
83,359,1
256,49,4
171,212,5
155,257,4
317,79,4
240,186,6
70,350,1
191,271,4
82,314,2
203,235,5
227,177,6
74,346,1
58,391,0
195,267,4
77,354,1
207,231,5
187,148,6
232,180,6
106,369,1
45,382,0
178,267,4
102,295,3
76,309,2
129,244,4
316,77,4
165,258,4
89,286,3
133,348,2
226,174,6
37,376,0
215,90,5
296,69,4
255,189,6
93,282,3
170,261,4
96,289,3
271,116,5
105,366,1
278,56,4
251,108,5
125,342,2
28,363,0
92,357,1
290,64,4
249,184,6
233,95,5
173,212,5
157,257,4
164,256,4
319,79,4
198,161,6
322,86,4
109,330,2
270,56,4
160,203,5
144,248,4
245,103,5
79,353,1
124,302,3
189,148,6
99,329,2
277,126,5
192,155,6
47,382,0
136,310,3
237,97,5
318,76,4
71,347,1
192,268,4
321,84,4
217,89,5
135,348,2
305,67,4
228,174,6
42,383,0
209,166,6
220,97,5
213,232,5
248,99,5
172,261,4
98,289,3
95,319,2
273,116,5
260,197,6
276,123,5
46,379,0
252,54,4
75,311,2
253,108,5
260,107,5
127,342,2
30,363,0
220,168,6
196,232,5
33,370,0
232,46,4
90,283,3
57,298,2
232,176,6
324,86,4
69,306,2
114,338,2
214,163,6
81,353,1
134,313,3
259,104,5
183,266,4
101,329,2
74,309,2
194,155,6
195,230,5
52,389,0
94,368,1
267,57,4
94,285,3
61,300,2
141,317,3
239,97,5
182,221,5
242,104,5
271,53,4
323,84,4
307,67,4
44,383,0
222,97,5
85,355,1
181,151,6
275,115,5
310,75,4
88,362,1
97,319,2
133,311,3
100,326,2
254,53,4
261,52,4
278,123,5
48,379,0
262,106,5
51,387,0
247,184,6
198,232,5
35,370,0
158,203,5
136,345,2
149,247,4
237,183,6
185,153,6
109,293,3
261,104,5
185,266,4
204,228,5
34,367,0
188,273,4
197,230,5
136,243,4
177,147,6
213,94,5
63,299,2
269,57,4
184,220,5
143,317,3
140,347,2
260,193,6
244,104,5
58,339,1
103,371,1
276,60,4
120,339,2
103,288,3
213,165,6
224,96,5
265,196,6
122,334,2
216,173,6
90,362,1
135,311,3
102,326,2
195,152,6
53,386,0
70,354,1
297,62,4
50,333,1
231,100,5
205,159,6
183,218,5
207,160,6
218,91,5
252,192,6
280,62,4
77,358,1
163,210,5
154,254,4
122,307,3
239,183,6
284,124,5
167,206,5
134,246,4
76,313,2
66,344,1
287,132,5
57,388,0
187,265,4
235,102,5
316,81,4
69,352,1
206,228,5
36,367,0
190,273,4
179,146,6
37,380,0
157,205,5
215,94,5
303,72,4
56,343,1
177,264,4
101,292,3
68,307,2
238,180,6
186,150,6
60,339,1
308,75,4
259,52,4
193,224,5
137,310,3
295,66,4
218,173,6
263,114,5
164,260,4
52,333,1
242,52,4
250,105,5
64,297,2
302,70,4
261,190,6
185,218,5
131,305,3
121,336,2
282,62,4
241,182,6
156,254,4
257,109,5
124,344,2
27,365,0
91,359,1
262,54,4
286,124,5
59,387,0
237,101,5
111,335,2
289,132,5
325,79,4
204,161,6
192,272,4
268,111,5
258,193,6
184,153,6
128,308,3
229,95,5
188,149,6
53,382,0
95,361,1
65,346,1
127,346,2
110,295,3
285,122,5
77,310,2
176,215,5
58,385,0
239,49,4
201,164,6
75,353,1
205,230,5
272,112,5
90,287,3
87,317,2
265,114,5
180,143,6
54,332,1
208,238,5
38,377,0
45,376,0
216,91,5
244,52,4
304,69,4
57,340,1
69,304,2
244,182,6
291,60,4
214,167,6
259,108,5
224,174,6
81,312,2
126,344,2
238,46,4
202,233,5
32,372,0
231,48,4
61,387,0
239,101,5
206,161,6
251,102,5
175,264,4
187,228,5
288,63,4
310,79,4
283,59,4
133,315,3
130,345,2
234,102,5
97,361,1
193,157,6
100,368,1
51,391,0
120,306,3
178,215,5
238,98,5
266,59,4
255,194,6
290,129,5
60,385,0
60,302,2
181,223,5
125,309,3
165,206,5
253,50,4
259,190,6
210,238,5
149,251,4
306,69,4
84,356,1
43,385,0
129,305,3
96,320,2
282,129,5
249,189,6
116,296,3
197,159,6
83,311,2
261,108,5
119,304,3
240,46,4
298,63,4
264,116,5
115,334,2
274,123,5
233,177,6
63,341,1
164,204,5
148,249,4
184,262,4
75,305,2
253,102,5
47,387,0
196,226,5
122,338,2
128,241,4
135,315,3
265,110,5
132,345,2
225,171,6
236,102,5
38,373,0
176,148,6
50,337,1
102,368,1
95,286,3
62,301,2
114,332,2
183,222,5
174,266,4
82,360,1
176,261,4
127,309,3
154,258,4
212,167,6
264,198,6
54,295,2
175,216,5
199,158,6
272,60,4
76,355,1
146,252,4
187,224,5
78,350,1
150,248,4
191,152,6
238,184,6
49,386,0
169,211,5
315,78,4
198,226,5
189,270,4
138,314,3
105,329,2
259,56,4
283,126,5
134,344,2
72,345,1
193,266,4
246,47,4
270,117,5
230,178,6
178,148,6
52,337,1
97,286,3
100,293,3
251,50,4
185,222,5
226,97,5
128,339,2
262,111,5
172,213,5
156,258,4
234,50,4
131,347,2
143,311,3
133,342,2
294,68,4
253,188,6
264,53,4
209,231,5
234,180,6
39,371,0
123,303,3
246,99,5
120,333,2
274,60,4
281,59,4
51,335,1
104,295,3
71,310,2
249,107,5
192,231,5
155,255,4
229,99,5
317,77,4
196,159,6
115,297,3
221,176,6
95,365,1
250,191,6
107,329,2
268,55,4
285,126,5
200,155,6
135,248,4
58,389,0
77,352,1
127,305,3
94,320,2
67,300,2
122,301,3
188,221,5
45,380,0
223,94,5
87,359,1
57,344,1
99,323,2
159,257,4
244,186,6
228,97,5
316,75,4
37,374,0
114,301,3
215,88,5
296,67,4
303,66,4
74,355,1
211,231,5
271,114,5
236,180,6
86,319,2
162,208,5
251,106,5
106,295,3
73,310,2
194,231,5
290,62,4
33,364,0
173,210,5
157,255,4
198,159,6
154,202,5
138,247,4
142,313,3
300,69,4
97,365,1
100,372,1
245,101,5
112,336,2
210,167,6
282,56,4
132,312,3
255,108,5
190,221,5
89,359,1
92,366,1
170,213,5
318,74,4
129,347,2
96,362,1
113,330,2
141,311,3
116,338,2
209,164,6
83,353,1
254,196,6
273,114,5
216,238,5
46,377,0
164,208,5
241,187,6
252,52,4
148,253,4
108,294,3
189,157,6
75,309,2
260,105,5
127,340,2
245,183,6
318,85,4
38,371,0
232,174,6
156,202,5
140,247,4
159,209,5
102,372,1
102,289,3
277,116,5
114,336,2
309,72,4
188,154,6
62,343,1
46,388,0
183,264,4
107,292,3
74,307,2
195,228,5
236,46,4
186,272,4
94,366,1
94,283,3
61,298,2
138,345,2
301,66,4
98,362,1
118,338,2
211,164,6
222,95,5
191,156,6
243,187,6
199,230,5
56,389,0
169,215,5
288,128,5
179,222,5
327,84,4
158,201,5
210,232,5
117,335,2
161,209,5
185,151,6
130,312,3
275,124,5
282,123,5
190,154,6
64,343,1
48,388,0
55,387,0
262,115,5
112,299,3
177,145,6
213,92,5
254,192,6
140,345,2
157,199,5
234,184,6
58,337,1
103,369,1
120,337,2
103,286,3
281,63,4
213,163,6
265,194,6
84,361,1
216,171,6
135,309,3
258,105,5
201,229,5
83,316,2
261,113,5
50,331,1
34,376,0
212,90,5
62,295,2
167,261,4
207,158,6
252,190,6
233,182,6
107,371,1
280,60,4
67,304,2
122,305,3
252,100,5
119,335,2
262,197,6
87,363,1
284,122,5
139,311,3
99,327,2
260,53,4
57,386,0
235,100,5
316,79,4
69,350,1
59,298,2
179,144,6
180,219,5
37,378,0
215,92,5
243,53,4
256,192,6
126,307,3
236,184,6
186,148,6
308,73,4
86,361,1
105,323,2
283,120,5
70,344,1
98,325,2
295,64,4
218,171,6
174,214,5
320,81,4
73,352,1
203,229,5
263,112,5
194,273,4
85,316,2
178,142,6
52,331,1
242,50,4
206,237,5
36,376,0
214,90,5
302,68,4
312,75,4
282,60,4
179,268,4
105,296,3
257,107,5
124,342,2
27,363,0
130,245,4
222,173,6
89,363,1
286,122,5
92,287,3
144,318,3
267,114,5
202,227,5
274,54,4
40,378,0
103,365,1
258,191,6
173,263,4
125,336,2
131,314,3
128,344,2
88,360,1
95,359,1
233,48,4
250,185,6
135,242,4
91,285,3
201,162,6
75,351,1
58,300,2
120,300,3
87,315,2
78,359,1
208,236,5
156,206,5
216,89,5
244,50,4
268,120,5
147,250,4
219,97,5
237,181,6
280,127,5
317,82,4
107,296,3
114,295,3
224,172,6
81,310,2
132,245,4
227,180,6
321,78,4
74,349,1
94,287,3
195,270,4
269,114,5
272,121,5
42,377,0
155,203,5
162,202,5
207,234,5
220,91,5
248,52,4
301,70,4
231,176,6
61,340,1
45,385,0
175,262,4
260,191,6
276,117,5
98,321,2
288,61,4
130,343,2
78,313,2
223,170,6
235,48,4
288,132,5
48,336,1
238,96,5
169,257,4
243,101,5
93,285,3
203,162,6
60,300,2
181,221,5
255,102,5
80,359,1
179,264,4
117,339,2
191,228,5
306,67,4
287,59,4
32,362,0
197,157,6
319,82,4
55,391,0
142,318,3
242,98,5
109,333,2
270,59,4
287,130,5
76,349,1
274,121,5
44,377,0
148,247,4
310,69,4
88,356,1
47,385,0
177,262,4
100,320,2
278,117,5
128,239,4
246,190,6
103,328,2
257,55,4
51,381,0
265,108,5
132,343,2
176,146,6
50,335,1
95,284,3
92,314,2
212,94,5
62,299,2
270,111,5
213,235,5
98,292,3
208,169,6
184,271,4
126,338,2
30,366,0
289,59,4
67,346,1
292,66,4
188,267,4
139,315,3
79,310,2
199,156,6
200,231,5
99,369,1
272,58,4
99,286,3
66,301,2
244,98,5
187,222,5
81,356,1
49,384,0
315,76,4
138,312,3
105,327,2
179,216,5
283,124,5
248,190,6
73,356,1
271,56,4
118,305,3
178,146,6
186,220,5
163,204,5
215,235,5
275,118,5
242,184,6
166,212,5
226,95,5
312,79,4
134,240,4
263,56,4
287,126,5
153,203,5
247,187,6
137,248,4
35,373,0
294,66,4
190,267,4
209,229,5
234,178,6
72,354,1
202,231,5
182,148,6
56,337,1
101,369,1
274,58,4
40,382,0
51,333,1
68,301,2
104,293,3
255,50,4
189,222,5
249,105,5
173,267,4
160,258,4
221,174,6
95,363,1
140,312,3
268,53,4
285,124,5
165,261,4
88,319,2
127,303,3
55,335,1
67,298,2
273,56,4
188,219,5
120,342,2
257,193,6
87,357,1
264,192,6
99,321,2
159,255,4
244,184,6
168,212,5
228,95,5
111,329,2
289,126,5
326,80,4
139,248,4
240,103,5
74,353,1
184,147,6
119,302,3
236,178,6
162,206,5
61,344,1
106,293,3
281,120,5
73,308,2
167,209,5
232,97,5
313,76,4
66,347,1
33,362,0
187,268,4
316,84,4
154,200,5
138,245,4
300,67,4
223,174,6
90,319,2
210,165,6
57,334,1
247,53,4
41,379,0
255,106,5
105,290,3
60,342,1
174,264,4
181,263,4
215,168,6
89,357,1
72,306,2
193,227,5
129,345,2
96,360,1
116,336,2
279,57,4
76,353,1
254,104,5
88,354,1
108,292,3
189,155,6
47,389,0
134,316,3
234,96,5
262,57,4
245,181,6
56,300,2
136,317,3
226,173,6
100,362,1
318,83,4
139,346,2
255,188,6
266,53,4
156,200,5
140,245,4
96,288,3
217,96,5
125,303,3
92,318,2
270,115,5
128,311,3
256,52,4
273,123,5
188,152,6
43,379,0
62,341,1
46,386,0
260,114,5
220,175,6
239,52,4
322,85,4
205,233,5
229,175,6
86,313,2
264,110,5
131,345,2
301,64,4
106,372,1
79,352,1
118,336,2
91,316,2
212,237,5
281,57,4
59,344,1
284,64,4
50,388,0
180,265,4
78,307,2
191,154,6
256,104,5
192,229,5
199,228,5
29,367,0
288,126,5
236,96,5
179,220,5
61,390,0
305,66,4
327,82,4
105,369,1
53,339,1
98,371,1
117,333,2
271,60,4
65,303,2
260,196,6
307,74,4
186,224,5
130,310,3
85,362,1
190,152,6
64,341,1
48,386,0
177,143,6
254,190,6
178,218,5
202,160,6
324,85,4
124,305,3
234,182,6
165,209,5
84,359,1
134,312,3
255,54,4
279,124,5
96,323,2
257,49,4
214,237,5
194,154,6
68,343,1
258,103,5
52,388,0
182,265,4
201,227,5
80,307,2
261,111,5
31,367,0
212,88,5
137,346,2
241,103,5
172,264,4
233,180,6
107,369,1
100,287,3
55,339,1
119,333,2
103,295,3
220,171,6
87,361,1
132,310,3
262,105,5
260,51,4
237,52,4
297,69,4
180,217,5
326,84,4
256,190,6
183,225,5
71,304,2
126,305,3
123,335,2
192,225,5
86,359,1
281,124,5
196,153,6
284,131,5
54,387,0
174,212,5
320,79,4
199,161,6
73,350,1
203,227,5
187,272,4
85,314,2
184,219,5
110,331,2
214,88,5
325,82,4
276,59,4
224,95,5
183,149,6
190,148,6
312,73,4
235,180,6
48,382,0
102,287,3
105,294,3
280,121,5
130,243,4
181,267,4
222,171,6
72,310,2
53,385,0
193,231,5
267,112,5
134,347,2
37,368,0
186,270,4
49,332,1
246,50,4
136,348,2
101,363,1
40,376,0
138,343,2
299,69,4
52,340,1
173,261,4
64,304,2
214,233,5
185,225,5
286,60,4
109,296,3
254,108,5
121,343,2
128,342,2
134,245,4
76,312,2
233,46,4
197,233,5
108,334,2
91,283,3
286,131,5
201,160,6
56,387,0
145,315,3
246,102,5
147,248,4
278,59,4
285,58,4
168,206,5
314,73,4
92,360,1
104,324,2
95,368,1
139,242,4
205,162,6
233,98,5
285,129,5
55,385,0
74,347,1
269,112,5
42,375,0
155,201,5
160,206,5
220,89,5
94,323,2
248,50,4
144,251,4
54,339,1
231,174,6
223,97,5
79,356,1
276,115,5
257,198,6
131,304,3
241,181,6
91,320,2
98,319,2
192,158,6
244,189,6
111,296,3
78,311,2
256,108,5
235,46,4
293,63,4
71,350,1
192,271,4
93,283,3
203,160,6
159,203,5
247,47,4
305,70,4
184,152,6
179,262,4
70,305,2
248,102,5
191,226,5
28,364,0
65,345,1
129,339,2
186,266,4
94,360,1
77,309,2
33,373,0
319,80,4
142,316,3
97,368,1
109,331,2
166,258,4
57,301,2
64,300,2
44,375,0
121,339,2
189,149,6
259,197,6
214,166,6
158,252,4
243,181,6
129,312,3
136,311,3
246,188,6
257,53,4
170,216,5
194,158,6
113,333,2
261,115,5
194,271,4
213,233,5
161,203,5
145,248,4
233,184,6
44,386,0
164,211,5
108,297,3
310,78,4
253,109,5
132,239,4
30,364,0
100,329,2
67,344,1
188,265,4
79,308,2
200,229,5
265,117,5
180,146,6
54,335,1
99,367,1
38,380,0
66,299,2
168,258,4
59,338,1
309,75,4
192,223,5
123,339,2
126,347,2
219,173,6
93,362,1
160,252,4
83,310,2
231,51,4
248,188,6
204,231,5
34,370,0
264,115,5
53,333,1
63,302,2
118,303,3
115,333,2
65,297,2
186,218,5
85,356,1
215,233,5
283,62,4
166,210,5
122,337,2
312,77,4
191,159,6
287,124,5
247,185,6
102,329,2
195,155,6
69,344,1
53,389,0
60,388,0
72,352,1
89,320,2
193,273,4
182,146,6
56,335,1
259,193,6
40,380,0
218,94,5
68,299,2
185,154,6
279,118,5
189,220,5
173,265,4
230,95,5
61,338,1
154,257,4
311,75,4
128,346,2
251,187,6
136,244,4
291,67,4
298,66,4
165,259,4
121,302,3
88,317,2
206,231,5
266,114,5
36,370,0
209,238,5
55,333,1
245,52,4
39,378,0
246,106,5
253,105,5
120,340,2
213,166,6
238,183,6
124,336,2
285,62,4
168,210,5
297,63,4
137,313,3
144,312,3
290,65,4
139,246,4
240,101,5
104,366,1
74,351,1
277,56,4
176,264,4
100,292,3
261,193,6
67,307,2
122,308,3
245,104,5
188,228,5
54,298,2
172,212,5
232,95,5
313,74,4
156,257,4
175,219,5
91,362,1
316,82,4
58,294,2
253,187,6
264,52,4
300,65,4
223,172,6
204,164,6
215,95,5
78,353,1
123,302,3
90,317,2
268,114,5
247,51,4
211,238,5
41,377,0
219,91,5
70,309,2
155,254,4
317,76,4
70,347,1
184,269,4
191,268,4
129,343,2
33,371,0
227,174,6
77,313,2
319,84,4
299,63,4
272,115,5
77,351,1
207,228,5
97,289,3
251,53,4
106,366,1
45,379,0
57,343,1
254,102,5
121,337,2
178,264,4
69,307,2
189,153,6
190,228,5
129,241,4
27,366,0
234,94,5
158,256,4
89,283,3
56,298,2
136,315,3
133,345,2
226,171,6
177,219,5
238,49,4
96,369,1
140,243,4
60,294,2
113,337,2
96,286,3
141,318,3
181,215,5
258,194,6
206,164,6
80,353,1
92,316,2
128,309,3
273,121,5
30,368,0
157,254,4
176,216,5
322,83,4
245,190,6
205,231,5
153,201,5
100,371,1
112,335,2
216,92,5
274,115,5
91,314,2
212,235,5
225,92,5
253,53,4
277,123,5
192,152,6
59,342,1
50,386,0
180,263,4
256,102,5
309,79,4
183,271,4
131,241,4
296,70,4
135,345,2
53,337,1
301,73,4
98,369,1
115,337,2
98,286,3
208,163,6
65,301,2
260,194,6
276,120,5
216,237,5
46,376,0
186,222,5
288,64,4
85,360,1
184,265,4
58,340,1
75,308,2
97,324,2
196,229,5
57,295,2
178,216,5
243,104,5
202,158,6
324,83,4
247,99,5
275,60,4
114,335,2
207,161,6
134,310,3
279,122,5
129,306,3
101,326,2
194,152,6
230,99,5
282,130,5
52,386,0
311,79,4
31,365,0
185,271,4
141,314,3
251,191,6
136,248,4
121,306,3
181,148,6
303,73,4
100,323,2
254,50,4
278,120,5
128,242,4
169,214,5
205,227,5
113,300,3
68,352,1
265,111,5
198,229,5
137,242,4
35,367,0
258,112,5
189,273,4
237,50,4
297,67,4
84,311,2
136,342,2
326,82,4
104,370,1
277,60,4
217,172,6
74,310,2
252,107,5
119,342,2
212,168,6
86,357,1
281,122,5
231,45,4
188,270,4
139,318,3
63,296,2
241,52,4
269,54,4
98,365,1
184,217,5
143,314,3
253,191,6
110,329,2
103,368,1
276,57,4
224,93,5
235,178,6
83,360,1
90,359,1
280,119,5
102,323,2
256,50,4
171,213,5
259,57,4
155,258,4
53,383,0
70,351,1
231,97,5
191,272,4
115,300,3
82,315,2
89,314,2
158,204,5
218,88,5
239,50,4
299,67,4
280,59,4
77,355,1
163,207,5
187,149,6
239,180,6
106,370,1
109,294,3
284,121,5
134,243,4
76,310,2
291,61,4
57,385,0
197,231,5
69,349,1
89,287,3
190,270,4
179,143,6
37,377,0
157,202,5
202,234,5
56,340,1
246,100,5
170,262,4
271,117,5
258,198,6
189,225,5
128,313,3
125,343,2
92,358,1
218,170,6
205,160,6
173,213,5
233,96,5
250,192,6
285,127,5
157,258,4
164,257,4
55,300,2
269,110,5
252,193,6
250,102,5
212,164,6
257,196,6
124,303,3
165,207,5
192,156,6
244,187,6
91,356,1
314,82,4
59,301,2
237,98,5
318,77,4
71,348,1
192,269,4
321,85,4
159,201,5
217,90,5
184,150,6
42,384,0
83,356,1
70,303,2
172,262,4
95,320,2
276,124,5
46,380,0
131,313,3
252,55,4
65,343,1
260,108,5
127,343,2
110,292,3
220,169,6
77,307,2
239,46,4
97,366,1
90,284,3
57,299,2
208,235,5
38,374,0
178,220,5
304,66,4
255,109,5
284,58,4
214,164,6
259,105,5
194,156,6
32,369,0
113,331,2
267,58,4
61,301,2
182,222,5
242,105,5
323,85,4
161,201,5
76,356,1
263,197,6
44,384,0
164,209,5
310,76,4
88,363,1
133,312,3
100,327,2
261,53,4
278,124,5
193,154,6
51,388,0
265,115,5
266,56,4
181,220,5
95,291,3
210,235,5
270,118,5
149,248,4
237,184,6
221,95,5
84,353,1
309,73,4
286,58,4
236,47,4
242,187,6
261,105,5
289,66,4
204,229,5
34,368,0
229,178,6
86,316,2
264,113,5
98,363,1
115,331,2
269,58,4
209,232,5
244,105,5
103,372,1
180,268,4
265,197,6
122,335,2
90,363,1
135,312,3
102,327,2
195,153,6
179,223,5
50,334,1
89,318,2
62,298,2
259,191,6
183,219,5
82,357,1
186,227,5
94,321,2
280,63,4
163,211,5
170,210,5
154,255,4
239,184,6
223,95,5
311,73,4
134,247,4
199,155,6
57,389,0
121,300,3
272,57,4
206,229,5
266,112,5
36,368,0
179,147,6
247,104,5
181,142,6
157,206,5
55,331,1
39,376,0
56,344,1
177,265,4
101,293,3
238,181,6
49,383,0
189,229,5
162,209,5
315,75,4
285,60,4
28,362,0
182,268,4
105,326,2
225,172,6
133,245,4
295,67,4
140,319,3
137,349,2
52,334,1
242,53,4
176,262,4
250,106,5
64,298,2
100,290,3
302,71,4
67,305,2
185,219,5
245,102,5
210,168,6
172,210,5
156,255,4
257,110,5
124,345,2
91,360,1
111,336,2
204,162,6
78,351,1
123,300,3
90,315,2
268,112,5
71,307,2
184,154,6
126,308,3
249,104,5
219,89,5
83,354,1
155,252,4
229,96,5
317,74,4
240,181,6
70,345,1
54,390,0
320,82,4
110,296,3
135,245,4
58,386,0
272,113,5
253,196,6
97,287,3
87,318,2
180,144,6
139,349,2
251,51,4
232,175,6
275,121,5
45,377,0
244,53,4
183,152,6
57,341,1
178,262,4
102,290,3
190,226,5
129,239,4
89,364,1
133,343,2
37,371,0
81,313,2
126,345,2
296,64,4
101,372,1
206,162,6
53,331,1
191,220,5
251,103,5
73,307,2
194,228,5
283,60,4
290,59,4
157,252,4
319,74,4
56,390,0
193,158,6
100,369,1
145,318,3
255,195,6
262,194,6
112,333,2
273,59,4
290,130,5
156,207,5
60,386,0
181,224,5
125,310,3
253,51,4
277,121,5
47,377,0
185,152,6
228,98,5
107,297,3
131,239,4
249,190,6
96,359,1
135,343,2
119,305,3
86,320,2
160,209,5
213,93,5
264,117,5
301,71,4
79,359,1
216,235,5
63,342,1
252,49,4
184,263,4
167,212,5
108,291,3
75,306,2
253,103,5
127,337,2
66,350,1
196,227,5
111,299,3
256,111,5
235,49,4
243,102,5
305,73,4
228,180,6
102,369,1
69,301,2
114,333,2
174,267,4
215,171,6
62,340,1
46,385,0
101,324,2
252,101,5
195,225,5
219,167,6
61,295,2
141,312,3
251,189,6
175,217,5
166,261,4
235,101,5
323,79,4
146,253,4
222,92,5
181,146,6
81,359,1
278,118,5
191,153,6
49,387,0
169,212,5
51,382,0
113,298,3
315,79,4
68,350,1
198,227,5
189,271,4
72,346,1
230,179,6
237,178,6
185,148,6
307,73,4
277,58,4
43,382,0
100,294,3
107,293,3
217,170,6
282,120,5
64,340,1
67,347,1
188,268,4
262,112,5
197,225,5
213,89,5
234,51,4
131,348,2
241,50,4
35,376,0
92,288,3
143,312,3
168,261,4
234,181,6
58,334,1
103,366,1
120,334,2
281,60,4
104,296,3
71,311,2
249,108,5
123,342,2
216,168,6
90,357,1
201,226,5
196,160,6
70,349,1
231,95,5
115,298,3
320,86,4
118,306,3
241,102,5
200,156,6
184,226,5
252,187,6
280,57,4
77,353,1
163,205,5
127,306,3
122,302,3
239,178,6
147,251,4
190,155,6
48,389,0
99,324,2
263,57,4
280,128,5
287,127,5
159,258,4
235,97,5
316,76,4
69,347,1
190,268,4
37,375,0
202,232,5
215,89,5
243,50,4
303,67,4
170,260,4
218,97,5
271,115,5
308,70,4
258,106,5
125,341,2
73,311,2
284,130,5
295,61,4
218,168,6
263,109,5
33,365,0
198,160,6
55,298,2
154,203,5
242,47,4
36,373,0
250,100,5
302,65,4
169,258,4
262,198,6
282,57,4
132,313,3
105,293,3
257,104,5
124,339,2
285,65,4
181,266,4
314,80,4
92,367,1
193,230,5
92,284,3
137,316,3
59,299,2
237,96,5
265,57,4
289,127,5
180,220,5
321,83,4
269,119,5
116,339,2
209,165,6
220,96,5
261,196,6
128,303,3
131,311,3
252,53,4
88,357,1
127,341,2
108,333,2
201,159,6
75,348,1
58,297,2
90,282,3
87,312,2
265,109,5
325,85,4
208,233,5
38,372,0
244,47,4
159,210,5
41,380,0
219,94,5
50,380,0
62,344,1
259,103,5
183,265,4
74,308,2
81,307,2
126,339,2
195,229,5
202,228,5
32,367,0
110,301,3
49,335,1
94,367,1
94,284,3
61,299,2
239,96,5
138,346,2
272,118,5
42,374,0
182,220,5
155,200,5
97,292,3
54,338,1
323,83,4
276,114,5
263,195,6
187,223,5
118,339,2
211,165,6
222,96,5
133,310,3
130,340,2
214,173,6
278,122,5
198,156,6
193,152,6
51,386,0
288,129,5
48,333,1
238,52,4
266,54,4
203,159,6
60,297,2
181,218,5
125,304,3
327,85,4
80,356,1
105,372,1
210,233,5
117,336,2
278,62,4
161,210,5
221,93,5
43,380,0
282,124,5
242,185,6
197,154,6
64,344,1
289,64,4
55,388,0
67,351,1
112,300,3
229,176,6
177,146,6
254,193,6
99,291,3
274,118,5
157,200,5
225,95,5
56,338,1
59,345,1
180,266,4
265,195,6
246,187,6
257,52,4
216,172,6
131,244,4
135,310,3
293,66,4
38,368,0
261,114,5
176,143,6
50,332,1
102,363,1
212,91,5
62,296,2
240,52,4
53,340,1
183,217,5
167,262,4
248,105,5
208,166,6
82,355,1
127,304,3
107,372,1
119,336,2
264,193,6
292,63,4
139,312,3
57,387,0
272,55,4
202,161,6
69,351,1
190,272,4
66,298,2
111,330,2
187,219,5
247,102,5
182,153,6
101,291,3
255,55,4
279,125,5
49,381,0
308,74,4
315,73,4
182,266,4
105,324,2
259,51,4
283,121,5
133,243,4
295,65,4
218,172,6
174,215,5
73,353,1
263,113,5
270,112,5
137,347,2
178,143,6
52,332,1
242,51,4
214,91,5
302,69,4
215,232,5
55,340,1
185,217,5
166,209,5
226,92,5
156,253,4
79,311,2
234,45,4
124,343,2
222,174,6
294,63,4
144,319,3
84,314,2
289,131,5
193,272,4
246,53,4
274,55,4
104,373,1
68,298,2
104,290,3
71,305,2
189,219,5
249,102,5
116,337,2
173,264,4
192,226,5
229,94,5
281,125,5
131,315,3
128,345,2
221,171,6
95,360,1
250,186,6
261,51,4
135,243,4
91,286,3
201,163,6
58,301,2
253,194,6
110,332,2
120,301,3
87,316,2
139,347,2
123,309,3
257,190,6
87,354,1
183,150,6
159,252,4
244,181,6
171,216,5
317,83,4
114,296,3
296,62,4
139,245,4
101,370,1
200,161,6
74,350,1
195,271,4
272,122,5
86,314,2
42,378,0
162,203,5
207,235,5
214,234,5
187,152,6
61,341,1
251,101,5
106,373,1
45,386,0
175,263,4
106,290,3
73,305,2
194,226,5
130,344,2
138,242,4
300,64,4
223,171,6
145,316,3
48,337,1
255,193,6
290,128,5
93,286,3
203,163,6
60,301,2
247,50,4
271,120,5
181,222,5
125,308,3
255,103,5
80,360,1
174,261,4
168,213,5
287,60,4
129,342,2
249,188,6
173,216,5
233,99,5
197,158,6
319,83,4
119,303,3
109,334,2
116,333,2
270,60,4
160,207,5
144,252,4
76,350,1
79,357,1
274,122,5
124,306,3
63,340,1
148,248,4
189,152,6
313,77,4
47,386,0
111,297,3
136,314,3
103,329,2
318,80,4
225,170,6
140,242,4
217,93,5
305,71,4
228,178,6
102,367,1
92,315,2
114,331,2
213,236,5
95,323,2
273,120,5
62,338,1
46,383,0
195,223,5
260,111,5
30,367,0
94,361,1
33,374,0
232,50,4
292,67,4
86,310,2
264,107,5
131,342,2
99,370,1
118,333,2
247,106,5
69,310,2
284,61,4
81,357,1
191,151,6
243,182,6
29,364,0
183,270,4
194,159,6
138,313,3
93,365,1
179,217,5
271,57,4
161,204,5
145,249,4
307,71,4
186,221,5
130,307,3
85,359,1
215,236,5
275,119,5
97,323,2
190,149,6
226,96,5
278,127,5
48,383,0
262,110,5
153,204,5
247,188,6
254,187,6
35,374,0
294,67,4
168,259,4
234,179,6
91,317,2
158,207,5
136,349,2
39,370,0
281,58,4
51,334,1
104,294,3
286,61,4
109,297,3
281,129,5
31,364,0
185,270,4
204,232,5
34,371,0
136,247,4
63,303,2
241,100,5
165,262,4
184,224,5
67,299,2
122,300,3
262,192,6
58,343,1
188,220,5
147,249,4
103,292,3
213,169,6
87,358,1
132,307,3
99,322,2
159,256,4
228,96,5
316,74,4
195,156,6
53,390,0
297,66,4
180,214,5
243,48,4
326,81,4
256,187,6
207,164,6
236,179,6
214,238,5
239,187,6
86,356,1
106,294,3
284,128,5
54,384,0
167,210,5
320,76,4
192,159,6
66,348,1
73,347,1
263,107,5
187,269,4
194,268,4
85,311,2
154,201,5
206,232,5
138,246,4
36,371,0
105,291,3
186,154,6
60,343,1
130,240,4
174,265,4
181,264,4
215,169,6
89,358,1
72,307,2
193,228,5
92,282,3
137,314,3
267,109,5
129,346,2
40,373,0
299,66,4
209,163,6
261,194,6
279,58,4
131,309,3
254,105,5
121,340,2
241,186,6
88,355,1
189,156,6
91,363,1
111,301,3
108,331,2
286,128,5
201,157,6
56,384,0
59,391,0
100,363,1
87,310,2
318,84,4
325,83,4
156,201,5
140,246,4
217,97,5
258,197,6
305,75,4
128,312,3
256,53,4
188,153,6
62,342,1
240,184,6
46,387,0
107,291,3
132,240,4
195,227,5
110,299,3
261,56,4
94,365,1
176,219,5
94,282,3
75,357,1
205,234,5
272,116,5
248,47,4
265,118,5
301,65,4
54,336,1
38,381,0
216,95,5
304,73,4
211,163,6
212,238,5
291,64,4
214,171,6
50,389,0
78,308,2
256,105,5
243,186,6
199,229,5
259,112,5
29,368,0
81,316,2
288,127,5
48,331,1
238,50,4
93,363,1
60,295,2
159,200,5
61,391,0
327,83,4
105,370,1
70,302,2
117,334,2
278,60,4
191,223,5
145,253,4
85,363,1
282,122,5
283,63,4
319,77,4
55,386,0
109,328,2
270,54,4
287,125,5
153,202,5
177,144,6
254,191,6
178,219,5
238,102,5
274,116,5
165,210,5
225,93,5
259,194,6
47,380,0
218,95,5
306,73,4
84,360,1
129,309,3
246,185,6
96,324,2
103,323,2
257,50,4
68,344,1
293,64,4
71,351,1
189,265,4
80,308,2
116,300,3
83,315,2
261,112,5
31,368,0
204,236,5
212,89,5
240,50,4
248,103,5
172,265,4
233,181,6
63,345,1
184,266,4
119,334,2
253,106,5
196,230,5
220,172,6
122,342,2
128,245,4
139,310,3
257,102,5
200,226,5
132,349,2
225,175,6
99,364,1
144,313,3
297,70,4
180,218,5
95,290,3
240,102,5
123,336,2
219,170,6
86,360,1
93,359,1
196,154,6
248,185,6
73,351,1
194,272,4
118,300,3
85,315,2
206,236,5
36,375,0
66,307,2
214,89,5
78,354,1
302,67,4
166,207,5
150,252,4
312,74,4
235,181,6
49,390,0
263,51,4
280,122,5
315,82,4
198,230,5
130,244,4
137,243,4
138,318,3
222,172,6
283,130,5
294,61,4
267,113,5
134,348,2
72,349,1
84,312,2
89,317,2
193,270,4
182,143,6
246,51,4
227,175,6
101,364,1
40,377,0
173,262,4
97,290,3
185,226,5
160,253,4
128,343,2
129,242,4
165,256,4
91,284,3
88,314,2
201,161,6
143,315,3
266,111,5
253,192,6
264,57,4
209,235,5
245,49,4
39,375,0
123,307,3
246,103,5
189,228,5
285,59,4
168,207,5
314,74,4
92,361,1
317,81,4
104,325,2
265,51,4
139,243,4
205,163,6
140,318,3
240,98,5
107,333,2
268,59,4
285,130,5
200,159,6
74,348,1
195,269,4
269,113,5
77,356,1
94,324,2
248,51,4
187,150,6
106,371,1
188,225,5
45,384,0
98,320,2
244,190,6
300,62,4
303,70,4
93,284,3
90,314,2
60,299,2
247,48,4
211,235,5
271,118,5
41,374,0
179,263,4
70,306,2
191,227,5
28,365,0
129,340,2
290,66,4
186,267,4
319,81,4
142,317,3
97,369,1
109,332,2
270,58,4
64,301,2
245,105,5
76,348,1
274,120,5
178,261,4
189,150,6
190,225,5
47,384,0
262,52,4
158,253,4
56,295,2
136,312,3
246,189,6
103,327,2
177,216,5
237,99,5
318,78,4
96,366,1
113,334,2
217,91,5
209,168,6
83,357,1
213,234,5
128,306,3
95,321,2
273,118,5
43,374,0
46,381,0
164,212,5
184,270,4
75,313,2
260,109,5
30,365,0
232,48,4
322,80,4
245,187,6
205,228,5
207,229,5
180,147,6
232,178,6
106,367,1
212,232,5
102,293,3
277,120,5
69,308,2
59,339,1
50,383,0
309,76,4
192,224,5
29,362,0
183,268,4
195,232,5
236,50,4
179,215,5
135,342,2
61,302,2
239,99,5
138,349,2
53,334,1
98,366,1
271,55,4
65,298,2
186,219,5
130,305,3
211,168,6
85,357,1
215,234,5
97,321,2
48,381,0
247,186,6
202,155,6
324,80,4
294,65,4
60,389,0
124,300,3
275,57,4
72,353,1
158,205,5
165,204,5
149,249,4
84,354,1
134,307,3
104,292,3
255,49,4
279,119,5
162,201,5
214,232,5
101,323,2
230,96,5
61,339,1
282,127,5
52,383,0
311,76,4
64,347,1
31,362,0
185,268,4
251,188,6
197,232,5
136,245,4
298,67,4
165,260,4
121,303,3
88,318,2
266,115,5
140,349,2
233,175,6
181,145,6
55,334,1
245,53,4
39,379,0
103,373,1
120,341,2
103,290,3
213,167,6
87,356,1
113,297,3
135,313,3
258,109,5
201,233,5
237,47,4
297,64,4
164,258,4
104,367,1
207,162,6
116,331,2
277,57,4
280,64,4
176,265,4
217,169,6
122,309,3
252,104,5
119,339,2
188,229,5
86,354,1
281,119,5
54,299,2
232,96,5
260,57,4
175,220,5
57,390,0
187,267,4
316,83,4
138,244,4
179,148,6
180,223,5
256,196,6
276,54,4
90,318,2
271,122,5
90,356,1
186,152,6
60,341,1
89,356,1
72,305,2
171,210,5
259,54,4
70,348,1
231,94,5
134,342,2
295,68,4
191,269,4
82,312,2
186,265,4
320,85,4
203,233,5
263,116,5
33,372,0
40,371,0
239,47,4
299,64,4
52,335,1
214,94,5
302,72,4
251,54,4
279,56,4
109,291,3
254,103,5
121,338,2
282,64,4
178,265,4
76,307,2
190,229,5
197,228,5
257,111,5
27,367,0
262,56,4
286,126,5
89,284,3
56,299,2
133,346,2
267,118,5
226,172,6
177,220,5
156,199,5
170,259,4
140,244,4
96,287,3
258,195,6
182,223,5
128,310,3
125,340,2
95,325,2
256,51,4
229,97,5
273,122,5
188,151,6
115,301,3
261,54,4
176,217,5
58,387,0
55,297,2
322,84,4
75,355,1
